{"cameraMode":{"drawMode":0,"name":"Shaded","section":"Shading Mode"},"sceneLighting":false,"audioPlay":false,"sceneViewState":{"m_AlwaysRefresh":false,"showFog":true,"showSkybox":false,"showFlares":true,"showImageEffects":true,"showParticleSystems":true,"showVisualEffectGraphs":true,"m_FxEnabled":true},"in2DMode":false,"pivot":{"x":-0.023033857345581056,"y":0.8617870211601257,"z":-0.010048575699329377},"rotation":{"x":-0.004284883849322796,"y":0.9564645886421204,"z":-0.2914832830429077,"w":-0.014060808345675469},"size":1.1129311323165894,"orthographic":false}