{"cameraMode":{"drawMode":0,"name":"Shaded","section":"Shading Mode"},"sceneLighting":true,"audioPlay":false,"sceneViewState":{"m_AlwaysRefresh":false,"showFog":true,"showSkybox":true,"showFlares":true,"showImageEffects":true,"showParticleSystems":true,"showVisualEffectGraphs":true,"m_FxEnabled":true},"in2DMode":false,"pivot":{"x":7.904147148132324,"y":-18.590728759765626,"z":17.025171279907228},"rotation":{"x":-0.32267531752586367,"y":-0.28427761793136599,"z":0.10226103663444519,"w":-0.8970093131065369},"size":20.49751091003418,"orthographic":false}