{"cameraMode":{"drawMode":0,"name":"Shaded","section":"Shading Mode"},"sceneLighting":false,"audioPlay":false,"sceneViewState":{"m_AlwaysRefresh":false,"showFog":true,"showSkybox":false,"showFlares":true,"showImageEffects":true,"showParticleSystems":true,"showVisualEffectGraphs":true,"m_FxEnabled":true},"in2DMode":false,"pivot":{"x":11.888882637023926,"y":-0.4998342990875244,"z":2.140377998352051},"rotation":{"x":0.005029657389968634,"y":0.9786425232887268,"z":-0.20491792261600495,"w":0.024930987507104875},"size":3.87273907661438,"orthographic":false}