{"cameraMode":{"drawMode":0,"name":"Shaded","section":"Shading Mode"},"sceneLighting":false,"audioPlay":false,"sceneViewState":{"m_AlwaysRefresh":false,"showFog":true,"showSkybox":false,"showFlares":true,"showImageEffects":true,"showParticleSystems":true,"showVisualEffectGraphs":true,"m_FxEnabled":true},"in2DMode":false,"pivot":{"x":4.648538589477539,"y":-5.838727951049805,"z":-25.977869033813478},"rotation":{"x":0.01110621728003025,"y":0.9886803030967712,"z":-0.11712712049484253,"w":0.09515552222728729},"size":18.535371780395509,"orthographic":false}