{"cameraMode":{"drawMode":0,"name":"Shaded","section":"Shading Mode"},"sceneLighting":false,"audioPlay":false,"sceneViewState":{"m_AlwaysRefresh":false,"showFog":true,"showSkybox":false,"showFlares":true,"showImageEffects":true,"showParticleSystems":true,"showVisualEffectGraphs":true,"m_FxEnabled":true},"in2DMode":false,"pivot":{"x":3.3937737941741945,"y":5.531901836395264,"z":-3.34127140045166},"rotation":{"x":0.27614328265190127,"y":0.032466158270835879,"z":-0.009053803980350495,"w":0.9606420993804932},"size":6.244950294494629,"orthographic":false}