{"cameraMode":{"drawMode":0,"name":"Shaded","section":"Shading Mode"},"sceneLighting":false,"audioPlay":false,"sceneViewState":{"m_AlwaysRefresh":false,"showFog":true,"showSkybox":false,"showFlares":true,"showImageEffects":true,"showParticleSystems":true,"showVisualEffectGraphs":true,"m_FxEnabled":true},"in2DMode":false,"pivot":{"x":0.03330489248037338,"y":-0.699324905872345,"z":-1.050173044204712},"rotation":{"x":-0.45864102244377139,"y":0.009680017828941346,"z":-0.004634155426174402,"w":-0.8887534737586975},"size":5.954689979553223,"orthographic":false}