{"cameraMode":{"drawMode":0,"name":"Shaded","section":"Shading Mode"},"sceneLighting":false,"audioPlay":false,"sceneViewState":{"m_AlwaysRefresh":false,"showFog":true,"showSkybox":false,"showFlares":true,"showImageEffects":true,"showParticleSystems":true,"showVisualEffectGraphs":true,"m_FxEnabled":true},"in2DMode":false,"pivot":{"x":-0.3587508201599121,"y":0.7729489207267761,"z":-3.056079149246216},"rotation":{"x":0.000442648510215804,"y":-0.9966903924942017,"z":0.0038796057924628259,"w":0.08339820802211762},"size":2.201105833053589,"orthographic":false}