{"cameraMode":{"drawMode":0,"name":"Shaded","section":"Shading Mode"},"sceneLighting":false,"audioPlay":false,"sceneViewState":{"m_AlwaysRefresh":false,"showFog":true,"showSkybox":false,"showFlares":true,"showImageEffects":true,"showParticleSystems":true,"showVisualEffectGraphs":true,"m_FxEnabled":true},"in2DMode":false,"pivot":{"x":-0.019490277394652368,"y":0.44998699426651,"z":-2.351257801055908},"rotation":{"x":-0.00003387674951227382,"y":-0.9979454874992371,"z":0.06686490774154663,"w":-0.002021604683250189},"size":2.201105833053589,"orthographic":false}