{"cameraMode":{"drawMode":0,"name":"Shaded","section":"Shading Mode"},"sceneLighting":true,"audioPlay":false,"sceneViewState":{"m_AlwaysRefresh":false,"showFog":true,"showSkybox":true,"showFlares":true,"showImageEffects":true,"showParticleSystems":true,"showVisualEffectGraphs":true,"m_FxEnabled":true},"in2DMode":false,"pivot":{"x":7.9381818771362309,"y":9.242353439331055,"z":20.31417465209961},"rotation":{"x":0.4124821126461029,"y":0.036434024572372439,"z":-0.01645192690193653,"w":0.9104121923446655},"size":19.09878921508789,"orthographic":false}