{"cameraMode":{"drawMode":0,"name":"Shaded","section":"Shading Mode"},"sceneLighting":true,"audioPlay":false,"sceneViewState":{"m_AlwaysRefresh":false,"showFog":true,"showSkybox":true,"showFlares":true,"showImageEffects":true,"showParticleSystems":true,"showVisualEffectGraphs":true,"m_FxEnabled":true},"in2DMode":false,"pivot":{"x":40.16648483276367,"y":-47.138065338134769,"z":487.2008056640625},"rotation":{"x":0.055461935698986056,"y":0.017970994114875795,"z":-0.0010008702520281077,"w":0.998284101486206},"size":259.3536376953125,"orthographic":false}