{"cameraMode":{"drawMode":0,"name":"Shaded","section":"Shading Mode"},"sceneLighting":false,"audioPlay":false,"sceneViewState":{"m_AlwaysRefresh":false,"showFog":true,"showSkybox":false,"showFlares":true,"showImageEffects":true,"showParticleSystems":true,"showVisualEffectGraphs":true,"m_FxEnabled":true},"in2DMode":false,"pivot":{"x":-0.01793825626373291,"y":1.548495888710022,"z":0.11380505561828613},"rotation":{"x":-0.042863741517066959,"y":0.9490976333618164,"z":-0.14811445772647859,"w":-0.27466484904289248},"size":1.9471312761306763,"orthographic":false}