{"cameraMode":{"drawMode":0,"name":"Shaded","section":"Shading Mode"},"sceneLighting":false,"audioPlay":false,"sceneViewState":{"m_AlwaysRefresh":false,"showFog":true,"showSkybox":false,"showFlares":true,"showImageEffects":true,"showParticleSystems":true,"showVisualEffectGraphs":true,"m_FxEnabled":true},"in2DMode":false,"pivot":{"x":-0.47072625160217287,"y":1.8224287033081055,"z":0.4163951873779297},"rotation":{"x":-0.039968907833099368,"y":0.9003564715385437,"z":-0.08481720834970474,"w":-0.42500442266464236},"size":1.9471313953399659,"orthographic":false}