{"cameraMode":{"drawMode":0,"name":"Shaded","section":"Shading Mode"},"sceneLighting":false,"audioPlay":false,"sceneViewState":{"m_AlwaysRefresh":false,"showFog":true,"showSkybox":false,"showFlares":true,"showImageEffects":true,"showParticleSystems":true,"showVisualEffectGraphs":true,"m_FxEnabled":true},"in2DMode":false,"pivot":{"x":5.304283142089844,"y":0.4127804934978485,"z":-4.7604522705078129},"rotation":{"x":-0.013325836509466172,"y":0.6269175410270691,"z":0.01071944646537304,"w":0.7789331674575806},"size":4.200567245483398,"orthographic":false}