{"cameraMode":{"drawMode":0,"name":"Shaded","section":"Shading Mode"},"sceneLighting":false,"audioPlay":false,"sceneViewState":{"m_AlwaysRefresh":false,"showFog":true,"showSkybox":false,"showFlares":true,"showImageEffects":true,"showParticleSystems":true,"showVisualEffectGraphs":true,"m_FxEnabled":true},"in2DMode":false,"pivot":{"x":0.8073415756225586,"y":1.0695688724517823,"z":-14.479677200317383},"rotation":{"x":-0.11761040985584259,"y":0.8701651692390442,"z":-0.25124305486679079,"w":-0.4072098135948181},"size":0.8107597231864929,"orthographic":false}