{"cameraMode":{"drawMode":0,"name":"Shaded","section":"Shading Mode"},"sceneLighting":false,"audioPlay":false,"sceneViewState":{"m_AlwaysRefresh":false,"showFog":true,"showSkybox":false,"showFlares":true,"showImageEffects":true,"showParticleSystems":true,"showVisualEffectGraphs":true,"m_FxEnabled":true},"in2DMode":false,"pivot":{"x":0.06393088400363922,"y":-0.1732783019542694,"z":0.11261200904846192},"rotation":{"x":-0.3059738874435425,"y":0.2753888666629791,"z":-0.09294643253087998,"w":-0.9065748453140259},"size":0.31314322352409365,"orthographic":false}