{"cameraMode":{"drawMode":0,"name":"Shaded","section":"Shading Mode"},"sceneLighting":false,"audioPlay":false,"sceneViewState":{"m_AlwaysRefresh":false,"showFog":true,"showSkybox":false,"showFlares":true,"showImageEffects":true,"showParticleSystems":true,"showVisualEffectGraphs":true,"m_FxEnabled":true},"in2DMode":false,"pivot":{"x":18.062644958496095,"y":-14.569847106933594,"z":40.14775085449219},"rotation":{"x":0.18830659985542298,"y":0.21890415251255036,"z":-0.043098483234643939,"w":0.9564318656921387},"size":26.224132537841798,"orthographic":false}